month,listing_id,price_nightly,price_monthly,days_included,ts,monthly_price_factor
2018-07,8501680,209.0,6479,31,2018-08-24 23:14:47.320926,
2018-07,8739779,261.64516129,8111,31,2018-08-24 23:14:47.320926,0.75
2018-07,8926180,224.483870968,6959,31,2018-08-24 23:14:47.320926,
2018-07,8994396,195.903225806,6073,31,2018-08-24 23:14:47.320926,0.9
2018-07,9317060,158.096774194,4901,31,2018-08-24 23:14:47.320926,
2018-07,10524152,213.0,6603,31,2018-08-24 23:14:47.320926,
2018-07,13576904,223.64516129,6933,31,2018-08-24 23:14:47.320926,1.0
2018-07,13599334,237.064516129,7349,31,2018-08-24 23:14:47.320926,
2018-07,14351665,190.290322581,5899,31,2018-08-24 23:14:47.320926,
2018-07,14371353,338.032258065,10479,31,2018-08-24 23:14:47.320926,
2018-07,14448447,175.129032258,5429,31,2018-08-24 23:14:47.320926,
2018-07,15039647,233.193548387,7229,31,2018-08-24 23:14:47.320926,
2018-07,15083274,271.322580645,8411,31,2018-08-24 23:14:47.320926,
2018-07,15083984,85.0967741935,2638,31,2018-08-24 23:14:47.320926,
2018-07,15372093,301.903225806,9359,31,2018-08-24 23:14:47.320926,0.75
2018-07,15496522,158.0,4898,31,2018-08-24 23:14:47.320926,
2018-07,16517889,222.580645161,6900,31,2018-08-24 23:14:47.320926,
2018-07,17746943,201.0,6231,31,2018-08-24 23:14:47.320926,
2018-07,18285892,437.322580645,13557,31,2018-08-24 23:14:47.320926,
2018-07,18566093,203.0,6293,31,2018-08-24 23:14:47.320926,
2018-07,18580576,247.935483871,7686,31,2018-08-24 23:14:47.320926,
2018-07,18787789,146.35483871,4537,31,2018-08-24 23:14:47.320926,
2018-07,18791352,146.35483871,4537,31,2018-08-24 23:14:47.320926,1.0
2018-07,19156306,230.935483871,7159,31,2018-08-24 23:14:47.320926,1.0
2018-07,19435711,236.612903226,7335,31,2018-08-24 23:14:47.320926,
2018-07,19621987,301.774193548,9355,31,2018-08-24 23:14:47.320926,0.75
2018-07,19673761,226.032258065,7007,31,2018-08-24 23:14:47.320926,
2018-07,19821563,149.612903226,4638,31,2018-08-24 23:14:47.320926,1.0
2018-07,20086622,197.0,6107,31,2018-08-24 23:14:47.320926,
2018-07,20089568,153.967741935,4773,31,2018-08-24 23:14:47.320926,1.0
2018-07,20092011,178.935483871,5547,31,2018-08-24 23:14:47.320926,1.0
2018-07,20420366,146.35483871,4537,31,2018-08-24 23:14:47.320926,1.0
2018-07,20480604,170.419354839,5283,31,2018-08-24 23:14:47.320926,
2018-07,20480993,196.419354839,6089,31,2018-08-24 23:14:47.320926,
2018-07,21230704,565.161290323,17520,31,2018-08-24 23:14:47.320926,
2018-07,21321103,165.483870968,5130,31,2018-08-24 23:14:47.320926,
2018-07,21621402,191.387096774,5933,31,2018-08-24 23:14:47.320926,
2018-07,22122218,155.0,4805,31,2018-08-24 23:14:47.320926,
2018-07,22374437,174.580645161,5412,31,2018-08-24 23:14:47.320926,0.75
2018-07,22397835,151.032258065,4682,31,2018-08-24 23:14:47.320926,1.0
2018-07,22448508,252.548387097,7829,31,2018-08-24 23:14:47.320926,0.75
2018-07,22504534,128.0,3968,31,2018-08-24 23:14:47.320926,
2018-07,22670589,139.0,4309,31,2018-08-24 23:14:47.320926,1.0
2018-07,22880935,262.741935484,8145,31,2018-08-24 23:14:47.320926,
2018-07,22908426,334.0,10354,31,2018-08-24 23:14:47.320926,
2018-07,23038931,185.0,5735,31,2018-08-24 23:14:47.320926,
2018-07,23232956,162.451612903,5036,31,2018-08-24 23:14:47.320926,
2018-07,23546141,170.935483871,5299,31,2018-08-24 23:14:47.320926,
2018-07,23702074,209.0,6479,31,2018-08-24 23:14:47.320926,1.0
2018-07,23713405,208.419354839,6461,31,2018-08-24 23:14:47.320926,1.0
2018-07,23714684,200.903225806,6228,31,2018-08-24 23:14:47.320926,1.0
2018-07,23764791,211.870967742,6568,31,2018-08-24 23:14:47.320926,
2018-07,23874025,175.612903226,5444,31,2018-08-24 23:14:47.320926,1.0
2018-07,23875602,175.612903226,5444,31,2018-08-24 23:14:47.320926,1.0
2018-07,23930139,165.0,5115,31,2018-08-24 23:14:47.320926,
2018-07,24182769,115.0,3565,31,2018-08-24 23:14:47.320926,
2018-07,24751022,169.548387097,5256,31,2018-08-24 23:14:47.320926,1.0
2018-07,25922026,154.096774194,4777,31,2018-08-24 23:14:47.320926,1.0
2018-07,26056411,291.096774194,9024,31,2018-08-24 23:14:47.320926,
2018-08,8501680,150.774193548,4674,31,2018-08-24 23:14:47.320926,
2018-08,8739779,251.161290323,7786,31,2018-08-24 23:14:47.320926,0.75
2018-08,8926180,191.806451613,5946,31,2018-08-24 23:14:47.320926,
2018-08,8994396,148.129032258,4592,31,2018-08-24 23:14:47.320926,0.9
2018-08,9317060,143.225806452,4440,31,2018-08-24 23:14:47.320926,
2018-08,10524152,189.225806452,5866,31,2018-08-24 23:14:47.320926,
2018-08,13576904,214.096774194,6637,31,2018-08-24 23:14:47.320926,1.0
2018-08,13599334,253.419354839,7856,31,2018-08-24 23:14:47.320926,
2018-08,14351665,185.129032258,5739,31,2018-08-24 23:14:47.320926,
2018-08,14371353,280.290322581,8689,31,2018-08-24 23:14:47.320926,
2018-08,14448447,172.548387097,5349,31,2018-08-24 23:14:47.320926,
2018-08,15039647,251.580645161,7799,31,2018-08-24 23:14:47.320926,
2018-08,15083274,257.0,7967,31,2018-08-24 23:14:47.320926,
2018-08,15083984,85.0,2635,31,2018-08-24 23:14:47.320926,
2018-08,15372093,283.516129032,8789,31,2018-08-24 23:14:47.320926,0.75
2018-08,15496522,158.0,4898,31,2018-08-24 23:14:47.320926,
2018-08,16517889,193.967741935,6013,31,2018-08-24 23:14:47.320926,
2018-08,17746943,195.580645161,6063,31,2018-08-24 23:14:47.320926,
2018-08,18285892,355.580645161,11023,31,2018-08-24 23:14:47.320926,
2018-08,18566093,203.0,6293,31,2018-08-24 23:14:47.320926,
2018-08,18580576,247.806451613,7682,31,2018-08-24 23:14:47.320926,
2018-08,18787789,147.0,4557,31,2018-08-24 23:14:47.320926,
2018-08,18791352,147.0,4557,31,2018-08-24 23:14:47.320926,1.0
2018-08,19156306,233.0,7223,31,2018-08-24 23:14:47.320926,1.0
2018-08,19435711,246.096774194,7629,31,2018-08-24 23:14:47.320926,
2018-08,19621987,302.516129032,9378,31,2018-08-24 23:14:47.320926,0.75
2018-08,19673761,208.064516129,6450,31,2018-08-24 23:14:47.320926,
2018-08,19821563,150.0,4650,31,2018-08-24 23:14:47.320926,1.0
2018-08,20086622,197.0,6107,31,2018-08-24 23:14:47.320926,
2018-08,20089568,155.0,4805,31,2018-08-24 23:14:47.320926,1.0
2018-08,20092011,177.0,5487,31,2018-08-24 23:14:47.320926,1.0
2018-08,20420366,147.0,4557,31,2018-08-24 23:14:47.320926,1.0
2018-08,20480604,161.064516129,4993,31,2018-08-24 23:14:47.320926,
2018-08,20480993,161.064516129,4993,31,2018-08-24 23:14:47.320926,
2018-08,21230704,496.0,15376,31,2018-08-24 23:14:47.320926,
2018-08,21321103,151.741935484,4704,31,2018-08-24 23:14:47.320926,
2018-08,21621402,190.677419355,5911,31,2018-08-24 23:14:47.320926,
2018-08,22122218,155.0,4805,31,2018-08-24 23:14:47.320926,
2018-08,22374437,144.35483871,4475,31,2018-08-24 23:14:47.320926,0.75
2018-08,22397835,150.0,4650,31,2018-08-24 23:14:47.320926,1.0
2018-08,22448508,205.548387097,6372,31,2018-08-24 23:14:47.320926,0.75
2018-08,22504534,128.0,3968,31,2018-08-24 23:14:47.320926,
2018-08,22670589,146.225806452,4533,31,2018-08-24 23:14:47.320926,1.0
2018-08,22880935,239.322580645,7419,31,2018-08-24 23:14:47.320926,
2018-08,22908426,334.0,10354,31,2018-08-24 23:14:47.320926,
2018-08,23038931,134.387096774,4166,31,2018-08-24 23:14:47.320926,
2018-08,23232956,140.838709677,4366,31,2018-08-24 23:14:47.320926,
2018-08,23546141,140.387096774,4352,31,2018-08-24 23:14:47.320926,
2018-08,23702074,184.483870968,5719,31,2018-08-24 23:14:47.320926,1.0
2018-08,23713405,191.483870968,5936,31,2018-08-24 23:14:47.320926,1.0
2018-08,23714684,200.0,6200,31,2018-08-24 23:14:47.320926,1.0
2018-08,23764791,210.0,6510,31,2018-08-24 23:14:47.320926,
2018-08,23874025,168.838709677,5234,31,2018-08-24 23:14:47.320926,1.0
2018-08,23875602,168.838709677,5234,31,2018-08-24 23:14:47.320926,1.0
2018-08,23930139,166.774193548,5170,31,2018-08-24 23:14:47.320926,
2018-08,24182769,118.0,3658,31,2018-08-24 23:14:47.320926,
2018-08,24751022,133.258064516,4131,31,2018-08-24 23:14:47.320926,1.0
2018-08,25922026,132.096774194,4095,31,2018-08-24 23:14:47.320926,1.0
2018-08,26056411,196.806451613,6101,31,2018-08-24 23:14:47.320926,
2018-09,8501680,177.166666667,5315,30,2018-08-24 23:14:47.320926,
2018-09,8739779,265.7,7971,30,2018-08-24 23:14:47.320926,0.75
2018-09,8926180,252.966666667,7589,30,2018-08-24 23:14:47.320926,
2018-09,8994396,199.633333333,5989,30,2018-08-24 23:14:47.320926,0.9
2018-09,9317060,203.866666667,6116,30,2018-08-24 23:14:47.320926,
2018-09,10524152,216.6,6498,30,2018-08-24 23:14:47.320926,
2018-09,13576904,206.0,6180,30,2018-08-24 23:14:47.320926,1.0
2018-09,13599334,237.966666667,7139,30,2018-08-24 23:14:47.320926,
2018-09,14351665,184.333333333,5530,30,2018-08-24 23:14:47.320926,
2018-09,14371353,282.333333333,8470,30,2018-08-24 23:14:47.320926,
2018-09,14448447,166.0,4980,30,2018-08-24 23:14:47.320926,
2018-09,15039647,240.4,7212,30,2018-08-24 23:14:47.320926,
2018-09,15083274,268.0,8040,30,2018-08-24 23:14:47.320926,
2018-09,15083984,76.4333333333,2293,30,2018-08-24 23:14:47.320926,
2018-09,15372093,465.333333333,13960,30,2018-08-24 23:14:47.320926,0.75
2018-09,15496522,165.0,4950,30,2018-08-24 23:14:47.320926,
2018-09,16517889,205.533333333,6166,30,2018-08-24 23:14:47.320926,
2018-09,17746943,162.0,4860,30,2018-08-24 23:14:47.320926,
2018-09,18285892,435.066666667,13052,30,2018-08-24 23:14:47.320926,
2018-09,18566093,163.0,4890,30,2018-08-24 23:14:47.320926,
2018-09,18580576,508.4,15252,30,2018-08-24 23:14:47.320926,
2018-09,18787789,147.0,4410,30,2018-08-24 23:14:47.320926,
2018-09,18791352,147.0,4410,30,2018-08-24 23:14:47.320926,1.0
2018-09,19156306,233.0,6990,30,2018-08-24 23:14:47.320926,1.0
2018-09,19435711,228.2,6846,30,2018-08-24 23:14:47.320926,
2018-09,19621987,336.033333333,10081,30,2018-08-24 23:14:47.320926,0.75
2018-09,19673761,224.066666667,6722,30,2018-08-24 23:14:47.320926,
2018-09,19821563,150.0,4500,30,2018-08-24 23:14:47.320926,1.0
2018-09,20086622,197.0,5910,30,2018-08-24 23:14:47.320926,
2018-09,20089568,155.0,4650,30,2018-08-24 23:14:47.320926,1.0
2018-09,20092011,177.0,5310,30,2018-08-24 23:14:47.320926,1.0
2018-09,20420366,147.0,4410,30,2018-08-24 23:14:47.320926,1.0
2018-09,20480604,207.0,6210,30,2018-08-24 23:14:47.320926,
2018-09,20480993,209.633333333,6289,30,2018-08-24 23:14:47.320926,
2018-09,21230704,602.9,18087,30,2018-08-24 23:14:47.320926,
2018-09,21321103,141.833333333,4255,30,2018-08-24 23:14:47.320926,
2018-09,21621402,226.933333333,6808,30,2018-08-24 23:14:47.320926,
2018-09,22122218,155.0,4650,30,2018-08-24 23:14:47.320926,
2018-09,22374437,150.766666667,4523,30,2018-08-24 23:14:47.320926,0.75
2018-09,22397835,150.0,4500,30,2018-08-24 23:14:47.320926,1.0
2018-09,22448508,202.366666667,6071,30,2018-08-24 23:14:47.320926,0.75
2018-09,22504534,128.0,3840,30,2018-08-24 23:14:47.320926,
2018-09,22670589,147.0,4410,30,2018-08-24 23:14:47.320926,1.0
2018-09,22880935,248.766666667,7463,30,2018-08-24 23:14:47.320926,
2018-09,22908426,269.0,8070,30,2018-08-24 23:14:47.320926,
2018-09,23038931,139.966666667,4199,30,2018-08-24 23:14:47.320926,
2018-09,23232956,184.366666667,5531,30,2018-08-24 23:14:47.320926,
2018-09,23546141,136.766666667,4103,30,2018-08-24 23:14:47.320926,
2018-09,23702074,177.0,5310,30,2018-08-24 23:14:47.320926,1.0
2018-09,23713405,194.5,5835,30,2018-08-24 23:14:47.320926,1.0
2018-09,23714684,194.4,5832,30,2018-08-24 23:14:47.320926,1.0
2018-09,23764791,190.0,5700,30,2018-08-24 23:14:47.320926,
2018-09,23874025,158.0,4740,30,2018-08-24 23:14:47.320926,1.0
2018-09,23875602,158.0,4740,30,2018-08-24 23:14:47.320926,1.0
2018-09,23930139,215.933333333,6478,30,2018-08-24 23:14:47.320926,
2018-09,24182769,185.0,5550,30,2018-08-24 23:14:47.320926,
2018-09,24751022,148.0,4440,30,2018-08-24 23:14:47.320926,1.0
2018-09,25922026,145.0,4350,30,2018-08-24 23:14:47.320926,1.0
2018-09,26056411,178.0,5340,30,2018-08-24 23:14:47.320926,
2018-10,8501680,191.838709677,5947,31,2018-08-24 23:14:47.320926,
2018-10,8739779,262.483870968,8137,31,2018-08-24 23:14:47.320926,0.75
2018-10,8926180,245.580645161,7613,31,2018-08-24 23:14:47.320926,
2018-10,8994396,189.064516129,5861,31,2018-08-24 23:14:47.320926,0.9
2018-10,9317060,170.967741935,5300,31,2018-08-24 23:14:47.320926,
2018-10,10524152,252.838709677,7838,31,2018-08-24 23:14:47.320926,
2018-10,13576904,204.0,6324,31,2018-08-24 23:14:47.320926,1.0
2018-10,13599334,272.677419355,8453,31,2018-08-24 23:14:47.320926,
2018-10,14351665,159.0,4929,31,2018-08-24 23:14:47.320926,
2018-10,14371353,327.387096774,10149,31,2018-08-24 23:14:47.320926,
2018-10,14448447,179.0,5549,31,2018-08-24 23:14:47.320926,
2018-10,15039647,247.258064516,7665,31,2018-08-24 23:14:47.320926,
2018-10,15083274,266.0,8246,31,2018-08-24 23:14:47.320926,
2018-10,15083984,79.0,2449,31,2018-08-24 23:14:47.320926,
2018-10,15372093,699.0,21669,31,2018-08-24 23:14:47.320926,0.75
2018-10,15496522,163.0,5053,31,2018-08-24 23:14:47.320926,
2018-10,16517889,231.903225806,7189,31,2018-08-24 23:14:47.320926,
2018-10,17746943,165.0,5115,31,2018-08-24 23:14:47.320926,
2018-10,18285892,383.193548387,11879,31,2018-08-24 23:14:47.320926,
2018-10,18566093,167.709677419,5199,31,2018-08-24 23:14:47.320926,
2018-10,18580576,699.0,21669,31,2018-08-24 23:14:47.320926,
2018-10,18787789,147.0,4557,31,2018-08-24 23:14:47.320926,
2018-10,18791352,147.0,4557,31,2018-08-24 23:14:47.320926,1.0
2018-10,19156306,233.0,7223,31,2018-08-24 23:14:47.320926,1.0
2018-10,19435711,235.193548387,7291,31,2018-08-24 23:14:47.320926,
2018-10,19621987,318.290322581,9867,31,2018-08-24 23:14:47.320926,0.75
2018-10,19673761,247.709677419,7679,31,2018-08-24 23:14:47.320926,
2018-10,19821563,150.0,4650,31,2018-08-24 23:14:47.320926,1.0
2018-10,20086622,197.0,6107,31,2018-08-24 23:14:47.320926,
2018-10,20089568,155.0,4805,31,2018-08-24 23:14:47.320926,1.0
2018-10,20092011,177.0,5487,31,2018-08-24 23:14:47.320926,1.0
2018-10,20420366,147.0,4557,31,2018-08-24 23:14:47.320926,1.0
2018-10,20480604,197.870967742,6134,31,2018-08-24 23:14:47.320926,
2018-10,20480993,204.258064516,6332,31,2018-08-24 23:14:47.320926,
2018-10,21230704,586.032258065,18167,31,2018-08-24 23:14:47.320926,
2018-10,21321103,131.838709677,4087,31,2018-08-24 23:14:47.320926,
2018-10,21621402,223.483870968,6928,31,2018-08-24 23:14:47.320926,
2018-10,22122218,246.0,7626,31,2018-08-24 23:14:47.320926,
2018-10,22374437,134.903225806,4182,31,2018-08-24 23:14:47.320926,0.75
2018-10,22397835,150.0,4650,31,2018-08-24 23:14:47.320926,1.0
2018-10,22448508,205.0,6355,31,2018-08-24 23:14:47.320926,0.75
2018-10,22504534,204.0,6324,31,2018-08-24 23:14:47.320926,
2018-10,22670589,147.0,4557,31,2018-08-24 23:14:47.320926,1.0
2018-10,22880935,312.612903226,9691,31,2018-08-24 23:14:47.320926,
2018-10,22908426,275.193548387,8531,31,2018-08-24 23:14:47.320926,
2018-10,23038931,139.967741935,4339,31,2018-08-24 23:14:47.320926,
2018-10,23232956,180.032258065,5581,31,2018-08-24 23:14:47.320926,
2018-10,23546141,139.967741935,4339,31,2018-08-24 23:14:47.320926,
2018-10,23702074,177.0,5487,31,2018-08-24 23:14:47.320926,1.0
2018-10,23713405,172.0,5332,31,2018-08-24 23:14:47.320926,1.0
2018-10,23714684,191.0,5921,31,2018-08-24 23:14:47.320926,1.0
2018-10,23764791,190.0,5890,31,2018-08-24 23:14:47.320926,
2018-10,23874025,158.0,4898,31,2018-08-24 23:14:47.320926,1.0
2018-10,23875602,158.0,4898,31,2018-08-24 23:14:47.320926,1.0
2018-10,23930139,208.225806452,6455,31,2018-08-24 23:14:47.320926,
2018-10,24182769,183.0,5673,31,2018-08-24 23:14:47.320926,
2018-10,24751022,163.0,5053,31,2018-08-24 23:14:47.320926,1.0
2018-10,25922026,143.129032258,4437,31,2018-08-24 23:14:47.320926,1.0
2018-10,26056411,199.870967742,6196,31,2018-08-24 23:14:47.320926,
2018-11,8501680,163.266666667,4898,30,2018-08-24 23:14:47.320926,
2018-11,8739779,266.4,7992,30,2018-08-24 23:14:47.320926,0.75
2018-11,8926180,208.733333333,6262,30,2018-08-24 23:14:47.320926,
2018-11,8994396,172.1,5163,30,2018-08-24 23:14:47.320926,0.9
2018-11,9317060,165.066666667,4952,30,2018-08-24 23:14:47.320926,
2018-11,10524152,209.6,6288,30,2018-08-24 23:14:47.320926,
2018-11,13576904,189.0,5670,30,2018-08-24 23:14:47.320926,1.0
2018-11,13599334,230.133333333,6904,30,2018-08-24 23:14:47.320926,
2018-11,14351665,159.0,4770,30,2018-08-24 23:14:47.320926,
2018-11,14371353,339.0,10170,30,2018-08-24 23:14:47.320926,
2018-11,14448447,179.0,5370,30,2018-08-24 23:14:47.320926,
2018-11,15039647,205.466666667,6164,30,2018-08-24 23:14:47.320926,
2018-11,15083274,246.0,7380,30,2018-08-24 23:14:47.320926,
2018-11,15083984,73.0,2190,30,2018-08-24 23:14:47.320926,
2018-11,15372093,699.0,20970,30,2018-08-24 23:14:47.320926,0.75
2018-11,15496522,151.0,4530,30,2018-08-24 23:14:47.320926,
2018-11,16517889,94.0,2820,30,2018-08-24 23:14:47.320926,
2018-11,17746943,137.0,4110,30,2018-08-24 23:14:47.320926,
2018-11,18285892,392.233333333,11767,30,2018-08-24 23:14:47.320926,
2018-11,18566093,175.0,5250,30,2018-08-24 23:14:47.320926,
2018-11,18580576,699.0,20970,30,2018-08-24 23:14:47.320926,
2018-11,18787789,147.0,4410,30,2018-08-24 23:14:47.320926,
2018-11,18791352,147.0,4410,30,2018-08-24 23:14:47.320926,1.0
2018-11,19156306,233.0,6990,30,2018-08-24 23:14:47.320926,1.0
2018-11,19435711,196.8,5904,30,2018-08-24 23:14:47.320926,
2018-11,19621987,326.966666667,9809,30,2018-08-24 23:14:47.320926,0.75
2018-11,19673761,117.0,3510,30,2018-08-24 23:14:47.320926,
2018-11,19821563,150.0,4500,30,2018-08-24 23:14:47.320926,1.0
2018-11,20086622,197.0,5910,30,2018-08-24 23:14:47.320926,
2018-11,20089568,155.0,4650,30,2018-08-24 23:14:47.320926,1.0
2018-11,20092011,177.0,5310,30,2018-08-24 23:14:47.320926,1.0
2018-11,20420366,147.0,4410,30,2018-08-24 23:14:47.320926,1.0
2018-11,20480604,173.033333333,5191,30,2018-08-24 23:14:47.320926,
2018-11,20480993,173.033333333,5191,30,2018-08-24 23:14:47.320926,
2018-11,21230704,583.333333333,17500,30,2018-08-24 23:14:47.320926,
2018-11,21321103,141.5,4245,30,2018-08-24 23:14:47.320926,
2018-11,21621402,202.966666667,6089,30,2018-08-24 23:14:47.320926,
2018-11,22122218,227.0,6810,30,2018-08-24 23:14:47.320926,
2018-11,22374437,138.766666667,4163,30,2018-08-24 23:14:47.320926,0.75
2018-11,22397835,150.0,4500,30,2018-08-24 23:14:47.320926,1.0
2018-11,22448508,209.233333333,6277,30,2018-08-24 23:14:47.320926,0.75
2018-11,22504534,189.0,5670,30,2018-08-24 23:14:47.320926,
2018-11,22670589,147.0,4410,30,2018-08-24 23:14:47.320926,1.0
2018-11,22880935,699.0,20970,30,2018-08-24 23:14:47.320926,
2018-11,22908426,287.0,8610,30,2018-08-24 23:14:47.320926,
2018-11,23038931,139.966666667,4199,30,2018-08-24 23:14:47.320926,
2018-11,23232956,152.033333333,4561,30,2018-08-24 23:14:47.320926,
2018-11,23546141,139.966666667,4199,30,2018-08-24 23:14:47.320926,
2018-11,23702074,177.0,5310,30,2018-08-24 23:14:47.320926,1.0
2018-11,23713405,172.0,5160,30,2018-08-24 23:14:47.320926,1.0
2018-11,23714684,183.3,5499,30,2018-08-24 23:14:47.320926,1.0
2018-11,23764791,190.0,5700,30,2018-08-24 23:14:47.320926,
2018-11,23874025,158.0,4740,30,2018-08-24 23:14:47.320926,1.0
2018-11,23875602,158.0,4740,30,2018-08-24 23:14:47.320926,1.0
2018-11,23930139,182.4,5472,30,2018-08-24 23:14:47.320926,
2018-11,24182769,169.0,5070,30,2018-08-24 23:14:47.320926,
2018-11,24751022,157.0,4710,30,2018-08-24 23:14:47.320926,1.0
2018-11,25922026,143.866666667,4316,30,2018-08-24 23:14:47.320926,1.0
2018-11,26056411,235.966666667,7079,30,2018-08-24 23:14:47.320926,
2018-12,8501680,180.322580645,5590,31,2018-08-24 23:14:47.320926,
2018-12,8739779,203.290322581,6302,31,2018-08-24 23:14:47.320926,0.75
2018-12,8926180,232.451612903,7206,31,2018-08-24 23:14:47.320926,
2018-12,8994396,190.161290323,5895,31,2018-08-24 23:14:47.320926,0.9
2018-12,9317060,178.387096774,5530,31,2018-08-24 23:14:47.320926,
2018-12,10524152,231.870967742,7188,31,2018-08-24 23:14:47.320926,
2018-12,13576904,152.161290323,4717,31,2018-08-24 23:14:47.320926,1.0
2018-12,13599334,215.35483871,6676,31,2018-08-24 23:14:47.320926,
2018-12,14351665,159.0,4929,31,2018-08-24 23:14:47.320926,
2018-12,14371353,339.0,10509,31,2018-08-24 23:14:47.320926,
2018-12,14448447,179.0,5549,31,2018-08-24 23:14:47.320926,
2018-12,15039647,192.225806452,5959,31,2018-08-24 23:14:47.320926,
2018-12,15083274,197.548387097,6124,31,2018-08-24 23:14:47.320926,
2018-12,15083984,58.6129032258,1817,31,2018-08-24 23:14:47.320926,
2018-12,15372093,699.0,21669,31,2018-08-24 23:14:47.320926,0.75
2018-12,15496522,122.225806452,3789,31,2018-08-24 23:14:47.320926,
2018-12,16517889,94.0,2914,31,2018-08-24 23:14:47.320926,
2018-12,17746943,122.161290323,3787,31,2018-08-24 23:14:47.320926,
2018-12,18285892,297.258064516,9215,31,2018-08-24 23:14:47.320926,
2018-12,18566093,140.677419355,4361,31,2018-08-24 23:14:47.320926,
2018-12,18580576,699.0,21669,31,2018-08-24 23:14:47.320926,
2018-12,18787789,147.0,4557,31,2018-08-24 23:14:47.320926,
2018-12,18791352,147.0,4557,31,2018-08-24 23:14:47.320926,1.0
2018-12,19156306,233.0,7223,31,2018-08-24 23:14:47.320926,1.0
2018-12,19435711,184.193548387,5710,31,2018-08-24 23:14:47.320926,
2018-12,19621987,251.129032258,7785,31,2018-08-24 23:14:47.320926,0.75
2018-12,19673761,117.0,3627,31,2018-08-24 23:14:47.320926,
2018-12,19821563,150.0,4650,31,2018-08-24 23:14:47.320926,1.0
2018-12,20086622,197.0,6107,31,2018-08-24 23:14:47.320926,
2018-12,20089568,155.0,4805,31,2018-08-24 23:14:47.320926,1.0
2018-12,20092011,177.0,5487,31,2018-08-24 23:14:47.320926,1.0
2018-12,20420366,147.0,4557,31,2018-08-24 23:14:47.320926,1.0
2018-12,20480604,190.387096774,5902,31,2018-08-24 23:14:47.320926,
2018-12,20480993,190.387096774,5902,31,2018-08-24 23:14:47.320926,
2018-12,21230704,769.64516129,23859,31,2018-08-24 23:14:47.320926,
2018-12,21321103,115.741935484,3588,31,2018-08-24 23:14:47.320926,
2018-12,21621402,224.161290323,6949,31,2018-08-24 23:14:47.320926,
2018-12,22122218,182.580645161,5660,31,2018-08-24 23:14:47.320926,
2018-12,22374437,113.516129032,3519,31,2018-08-24 23:14:47.320926,0.75
2018-12,22397835,150.0,4650,31,2018-08-24 23:14:47.320926,1.0
2018-12,22448508,216.483870968,6711,31,2018-08-24 23:14:47.320926,0.75
2018-12,22504534,151.903225806,4709,31,2018-08-24 23:14:47.320926,
2018-12,22670589,147.0,4557,31,2018-08-24 23:14:47.320926,1.0
2018-12,22880935,699.0,21669,31,2018-08-24 23:14:47.320926,
2018-12,22908426,231.483870968,7176,31,2018-08-24 23:14:47.320926,
2018-12,23038931,147.35483871,4568,31,2018-08-24 23:14:47.320926,
2018-12,23232956,169.419354839,5252,31,2018-08-24 23:14:47.320926,
2018-12,23546141,147.35483871,4568,31,2018-08-24 23:14:47.320926,
2018-12,23702074,177.0,5487,31,2018-08-24 23:14:47.320926,1.0
2018-12,23713405,172.0,5332,31,2018-08-24 23:14:47.320926,1.0
2018-12,23714684,180.0,5580,31,2018-08-24 23:14:47.320926,1.0
2018-12,23764791,190.0,5890,31,2018-08-24 23:14:47.320926,
2018-12,23874025,158.0,4898,31,2018-08-24 23:14:47.320926,1.0
2018-12,23875602,158.0,4898,31,2018-08-24 23:14:47.320926,1.0
2018-12,23930139,195.064516129,6047,31,2018-08-24 23:14:47.320926,
2018-12,24182769,135.935483871,4214,31,2018-08-24 23:14:47.320926,
2018-12,24751022,157.0,4867,31,2018-08-24 23:14:47.320926,1.0
2018-12,25922026,145.0,4495,31,2018-08-24 23:14:47.320926,1.0
2018-12,26056411,252.548387097,7829,31,2018-08-24 23:14:47.320926,
2019-01,8501680,171.0,855,5,2018-08-24 23:14:47.320926,
2019-01,8739779,181.4,907,5,2018-08-24 23:14:47.320926,0.75
2019-01,8926180,219.8,1099,5,2018-08-24 23:14:47.320926,
2019-01,8994396,180.0,900,5,2018-08-24 23:14:47.320926,0.9
2019-01,9317060,167.0,835,5,2018-08-24 23:14:47.320926,
2019-01,10524152,219.2,1096,5,2018-08-24 23:14:47.320926,
2019-01,13576904,170.0,850,5,2018-08-24 23:14:47.320926,1.0
2019-01,13599334,182.8,914,5,2018-08-24 23:14:47.320926,
2019-01,14351665,159.0,795,5,2018-08-24 23:14:47.320926,
2019-01,14371353,339.0,1695,5,2018-08-24 23:14:47.320926,
2019-01,14448447,179.0,895,5,2018-08-24 23:14:47.320926,
2019-01,15039647,163.4,817,5,2018-08-24 23:14:47.320926,
2019-01,15083274,221.0,1105,5,2018-08-24 23:14:47.320926,
2019-01,15083984,65.0,325,5,2018-08-24 23:14:47.320926,
2019-01,15372093,699.0,3495,5,2018-08-24 23:14:47.320926,0.75
2019-01,15496522,136.0,680,5,2018-08-24 23:14:47.320926,
2019-01,16517889,94.0,470,5,2018-08-24 23:14:47.320926,
2019-01,17746943,156.0,780,5,2018-08-24 23:14:47.320926,
2019-01,18285892,265.2,1326,5,2018-08-24 23:14:47.320926,
2019-01,18566093,157.0,785,5,2018-08-24 23:14:47.320926,
2019-01,18580576,699.0,3495,5,2018-08-24 23:14:47.320926,
2019-01,18787789,147.0,735,5,2018-08-24 23:14:47.320926,
2019-01,18791352,147.0,735,5,2018-08-24 23:14:47.320926,1.0
2019-01,19156306,233.0,1165,5,2018-08-24 23:14:47.320926,1.0
2019-01,19435711,156.4,782,5,2018-08-24 23:14:47.320926,
2019-01,19621987,224.0,1120,5,2018-08-24 23:14:47.320926,0.75
2019-01,19673761,117.0,585,5,2018-08-24 23:14:47.320926,
2019-01,19821563,150.0,750,5,2018-08-24 23:14:47.320926,1.0
2019-01,20086622,197.0,985,5,2018-08-24 23:14:47.320926,
2019-01,20089568,155.0,775,5,2018-08-24 23:14:47.320926,1.0
2019-01,20092011,177.0,885,5,2018-08-24 23:14:47.320926,1.0
2019-01,20420366,147.0,735,5,2018-08-24 23:14:47.320926,1.0
2019-01,20480604,184.6,923,5,2018-08-24 23:14:47.320926,
2019-01,20480993,184.6,923,5,2018-08-24 23:14:47.320926,
2019-01,21230704,391.8,1959,5,2018-08-24 23:14:47.320926,
2019-01,21321103,123.2,616,5,2018-08-24 23:14:47.320926,
2019-01,21621402,212.4,1062,5,2018-08-24 23:14:47.320926,
2019-01,22122218,204.0,1020,5,2018-08-24 23:14:47.320926,
2019-01,22374437,332.4,1662,5,2018-08-24 23:14:47.320926,0.75
2019-01,22397835,150.0,750,5,2018-08-24 23:14:47.320926,1.0
2019-01,22448508,366.0,1830,5,2018-08-24 23:14:47.320926,0.75
2019-01,22504534,170.0,850,5,2018-08-24 23:14:47.320926,
2019-01,22670589,147.0,735,5,2018-08-24 23:14:47.320926,1.0
2019-01,22880935,699.0,3495,5,2018-08-24 23:14:47.320926,
2019-01,22908426,259.0,1295,5,2018-08-24 23:14:47.320926,
2019-01,23038931,338.4,1692,5,2018-08-24 23:14:47.320926,
2019-01,23232956,160.6,803,5,2018-08-24 23:14:47.320926,
2019-01,23546141,338.4,1692,5,2018-08-24 23:14:47.320926,
2019-01,23702074,177.0,885,5,2018-08-24 23:14:47.320926,1.0
2019-01,23713405,172.0,860,5,2018-08-24 23:14:47.320926,1.0
2019-01,23714684,180.0,900,5,2018-08-24 23:14:47.320926,1.0
2019-01,23764791,190.0,950,5,2018-08-24 23:14:47.320926,
2019-01,23874025,158.0,790,5,2018-08-24 23:14:47.320926,1.0
2019-01,23875602,158.0,790,5,2018-08-24 23:14:47.320926,1.0
2019-01,23930139,187.0,935,5,2018-08-24 23:14:47.320926,
2019-01,24182769,152.0,760,5,2018-08-24 23:14:47.320926,
2019-01,24751022,157.0,785,5,2018-08-24 23:14:47.320926,1.0
2019-01,25922026,145.0,725,5,2018-08-24 23:14:47.320926,1.0
2019-01,26056411,775.0,3875,5,2018-08-24 23:14:47.320926,
